{
  "name": "Next Level Advisory - Morning Routine",
  "short_name": "Next Level",
  "description": "Morning routine accountability app for Next Level Advisory students",
  "start_url": "/",
  "display": "standalone",
  "background_color": "#ffffff",
  "theme_color": "#3b82f6",
  "orientation": "portrait-primary",
  "scope": "/",
  "lang": "en",
  "categories": ["productivity", "lifestyle", "health"],
  "icons": [
    {
      "src": "data:image/svg+xml,%3Csvg xmlns='http://www.w3.org/2000/svg' viewBox='0 0 192 192'%3E%3Crect width='192' height='192' fill='%233b82f6' rx='20'/%3E%3Cg fill='white'%3E%3Cpath d='M40 160 L60 100 L80 130 L100 80 L120 110 L140 160 Z' opacity='0.9'/%3E%3Cpath d='M50 160 L70 105 L90 135 L110 85 L130 115 L152 160 Z' opacity='0.6'/%3E%3C/g%3E%3Ctext x='96' y='60' font-size='32' text-anchor='middle' fill='white' font-family='Arial, sans-serif' font-weight='bold'%3ENL%3C/text%3E%3Ctext x='96' y='180' font-size='12' text-anchor='middle' fill='white' font-family='Arial, sans-serif'%3EADVISORY%3C/text%3E%3C/svg%3E",
      "sizes": "192x192",
      "type": "image/svg+xml",
      "purpose": "maskable any"
    },
    {
      "src": "data:image/svg+xml,%3Csvg xmlns='http://www.w3.org/2000/svg' viewBox='0 0 512 512'%3E%3Crect width='512' height='512' fill='%233b82f6' rx='50'/%3E%3Cg fill='white'%3E%3Cpath d='M100 430 L160 260 L220 340 L280 200 L340 290 L400 430 Z' opacity='0.9'/%3E%3Cpath d='M130 430 L190 270 L250 350 L310 210 L370 300 L420 430 Z' opacity='0.6'/%3E%3C/g%3E%3Ctext x='256' y='160' font-size='80' text-anchor='middle' fill='white' font-family='Arial, sans-serif' font-weight='bold'%3ENL%3C/text%3E%3Ctext x='256' y='480' font-size='32' text-anchor='middle' fill='white' font-family='Arial, sans-serif'%3EADVISORY%3C/text%3E%3C/svg%3E",
      "sizes": "512x512",
      "type": "image/svg+xml",
      "purpose": "maskable any"
    }
  ],
  "screenshots": [
    {
      "src": "data:image/svg+xml,%3Csvg xmlns='http://www.w3.org/2000/svg' viewBox='0 0 390 844'%3E%3Crect width='390' height='844' fill='%23f8fafc'/%3E%3Crect x='20' y='60' width='350' height='120' fill='%233b82f6' rx='12'/%3E%3Ctext x='195' y='100' font-size='16' text-anchor='middle' fill='white'%3ENext Level Advisory%3C/text%3E%3Ctext x='195' y='130' font-size='24' text-anchor='middle' fill='white' font-weight='bold'%3EGood Morning!%3C/text%3E%3Crect x='20' y='200' width='350' height='80' fill='white' rx='8'/%3E%3Ctext x='30' y='230' font-size='14' fill='%23374151'%3EPhysical Exercise - 45 min%3C/text%3E%3Crect x='280' y='215' width='80' height='30' fill='%2310b981' rx='6'/%3E%3Ctext x='320' y='235' font-size='12' text-anchor='middle' fill='white'%3EComplete%3C/text%3E%3C/svg%3E",
      "sizes": "390x844",
      "type": "image/svg+xml",
      "form_factor": "narrow",
      "label": "Morning routine tracking"
    }
  ],
  "shortcuts": [
    {
      "name": "Today's Routine",
      "short_name": "Routine",
      "description": "View and complete today's morning routine",
      "url": "/?routine",
      "icons": [
        {
          "src": "data:image/svg+xml,%3Csvg xmlns='http://www.w3.org/2000/svg' viewBox='0 0 96 96'%3E%3Crect width='96' height='96' fill='%2310b981' rx='10'/%3E%3Ctext x='48' y='60' font-size='40' text-anchor='middle' fill='white'%3E✓%3C/text%3E%3C/svg%3E",
          "sizes": "96x96",
          "type": "image/svg+xml"
        }
      ]
    },
    {
      "name": "Self Assessment",
      "short_name": "Assessment",
      "description": "Complete daily self-assessment",
      "url": "/?assessment",
      "icons": [
        {
          "src": "data:image/svg+xml,%3Csvg xmlns='http://www.w3.org/2000/svg' viewBox='0 0 96 96'%3E%3Crect width='96' height='96' fill='%23f59e0b' rx='10'/%3E%3Ctext x='48' y='60' font-size='40' text-anchor='middle' fill='white'%3E🎯%3C/text%3E%3C/svg%3E",
          "sizes": "96x96",
          "type": "image/svg+xml"
        }
      ]
    }
  ]
}